0,1,2,3
,,,
Top 20 rankings as of 17 October 2025[1],Top 20 rankings as of 17 October 2025[1],Top 20 rankings as of 17 October 2025[1],Top 20 rankings as of 17 October 2025[1]
Rank,Change,Team,Points
1,,Spain,1880.76
2,1,Argentina,1872.43
3,1,France,1862.71
4,,England,1824.3
5,,Portugal,1778
6,1,Netherlands,1759.96
7,1,Brazil,1758.85
8,,Belgium,1740.01
9,1,Italy,1717.15
10,2,Germany,1713.3
11,2,Croatia,1710.15
12,1,Morocco,1710.11
13,,Colombia,1695.72
14,,Mexico,1682.52
15,,Uruguay,1677.57
16,,United States,1673.49
17,,Switzerland,1653.32
18,,Senegal,1650.61
19,,Japan,1645.34
20,,Denmark,1641.02
*Change from 18 September 2025,*Change from 18 September 2025,*Change from 18 September 2025,*Change from 18 September 2025
*Next update on 21 November 2025,*Next update on 21 November 2025,*Next update on 21 November 2025,*Next update on 21 November 2025
Complete rankings at FIFA.com,Complete rankings at FIFA.com,Complete rankings at FIFA.com,Complete rankings at FIFA.com
