team,confederation,fifa_rank
Spain,UEFA,8
Netherlands,UEFA,7
Switzerland,UEFA,14
France,UEFA,2
Senegal,CAF,20
Argentina,CONMEBOL,1
Ecuador,CONMEBOL,32
Cameroon,CAF,42
Mexico,CONCACAF,15
Croatia,UEFA,10
Canada,CONCACAF,39
Poland,UEFA,25
Portugal,UEFA,6
Tunisia,CAF,30
Iran,AFC,21
South Korea,AFC,22
England,UEFA,4
Australia,AFC,27
Qatar,AFC,58
Saudi Arabia,AFC,53
Morocco,CAF,13
Brazil,CONMEBOL,3
Germany,UEFA,9
Japan,AFC,17
Usa,CONCACAF,11
Uruguay,Unknown,-1
Sweden,Unknown,-1
Hungary,Unknown,-1
Chile,Unknown,-1
Italy,Unknown,-1
Belgium,Unknown,-1
Paraguay,Unknown,-1
Denmark,Unknown,-1
Austria,Unknown,-1
Russia,Unknown,-1
Peru,Unknown,-1
Norway,Unknown,-1
Romania,Unknown,-1
Scotland,Unknown,-1
Finland,Unknown,-1
Costa Rica,Unknown,-1
Bulgaria,Unknown,-1
Turkey,Unknown,-1
Colombia,Unknown,-1
Bolivia,Unknown,-1
Republic Of Ireland,Unknown,-1
Egypt,Unknown,-1
Algeria,Unknown,-1
